<?xml version="1.0" encoding="UTF-8"?>
<root>
  <item name="com.devbrackets.android.exomedia.core.video.exo.ExoSurfaceVideoView void setTrack(int, int) 0">
    <annotation name="android.support.annotation.IntDef">
      <val name="value" val="{com.devbrackets.android.exomedia.core.exoplayer.EMExoPlayer.RENDER_AUDIO, com.devbrackets.android.exomedia.core.exoplayer.EMExoPlayer.RENDER_VIDEO, com.devbrackets.android.exomedia.core.exoplayer.EMExoPlayer.RENDER_CLOSED_CAPTION, com.devbrackets.android.exomedia.core.exoplayer.EMExoPlayer.RENDER_TIMED_METADATA}" />
    </annotation>
  </item>
  <item name="com.devbrackets.android.exomedia.core.video.exo.ExoTextureVideoView void setTrack(int, int) 0">
    <annotation name="android.support.annotation.IntDef">
      <val name="value" val="{com.devbrackets.android.exomedia.core.exoplayer.EMExoPlayer.RENDER_AUDIO, com.devbrackets.android.exomedia.core.exoplayer.EMExoPlayer.RENDER_VIDEO, com.devbrackets.android.exomedia.core.exoplayer.EMExoPlayer.RENDER_CLOSED_CAPTION, com.devbrackets.android.exomedia.core.exoplayer.EMExoPlayer.RENDER_TIMED_METADATA}" />
    </annotation>
  </item>
  <item name="com.devbrackets.android.exomedia.core.video.exo.ExoVideoDelegate void setTrack(int, int) 0">
    <annotation name="android.support.annotation.IntDef">
      <val name="value" val="{com.devbrackets.android.exomedia.core.exoplayer.EMExoPlayer.RENDER_AUDIO, com.devbrackets.android.exomedia.core.exoplayer.EMExoPlayer.RENDER_VIDEO, com.devbrackets.android.exomedia.core.exoplayer.EMExoPlayer.RENDER_CLOSED_CAPTION, com.devbrackets.android.exomedia.core.exoplayer.EMExoPlayer.RENDER_TIMED_METADATA}" />
    </annotation>
  </item>
</root>

